<keymap version="1" name="Mac OS X 10.5+ copy" parent="Mac OS X 10.5+">
  <action id="ChooseDebugConfiguration">
    <keyboard-shortcut first-keystroke="shift meta enter" />
  </action>
  <action id="ChooseRunConfiguration">
    <keyboard-shortcut first-keystroke="meta enter" />
  </action>
  <action id="Console.Execute.Multiline" />
  <action id="Console.SplitLine" />
  <action id="DirDiffMenu.SynchronizeDiff.All" />
  <action id="EditorCompleteStatement" />
  <action id="EditorDecreaseFontSize">
    <keyboard-shortcut first-keystroke="alt minus" />
  </action>
  <action id="EditorIncreaseFontSize">
    <keyboard-shortcut first-keystroke="alt equals" />
  </action>
  <action id="EditorSplitLine" />
  <action id="NewPythonFile">
    <keyboard-shortcut first-keystroke="shift meta p" />
  </action>
  <action id="QuickChangeScheme" />
  <action id="SplitChooser.Duplicate" />
  <action id="Terminal.SmartCommandExecution.Debug" />
  <action id="Terminal.SmartCommandExecution.Run" />
  <action id="ViewSource" />
  <action id="com.codeium.intellij.auth.ToggleCodeiumSnoozeAction">
    <keyboard-shortcut first-keystroke="shift meta back_slash" />
  </action>
</keymap>