<application>
  <component name="MaterialThemeConfig">
    <option name="isContrastMode" value="true" />
    <option name="isWizardShown" value="true" />
    <option name="pristineConfig" value="false" />
    <option name="treeFontSizeEnabled" value="true" />
    <option name="tabFontSizeEnabled" value="true" />
    <option name="indicatorStyle" value="None" />
    <option name="accentColor" value="ffd866" />
    <option name="secondAccentColor" />
    <option name="highlightColor" />
    <option name="focusColor" />
    <option name="selectedTheme" value="MONOKAI" />
    <option name="userId" value="5859b854:191053f17f8:-8000" />
    <option name="version" value="8.13.2" />
    <option name="tabHighlightPosition" value="Bottom" />
  </component>
</application>